#SampleID,BarcodeSequence,LinkerPrimerSequence,RevBarcodeSequence,ReversePrimer,phinchID,DemuxReads,Project,Site,Type,Host,PCRbatch,Control,pH,Pdis,Ca,Mg,K,Na,H,Al,SoilM,C,N
A1-JM2s-2-2621739,S1,GTGARTCATCRARTYTTTG,no_data,CCTSCSCTTANTDATATGC,A1-JM2s-2-2621739,159356,Texcoco,mixed,soil,Juniperus,PCR3,N.A.,5.5,2.93,5.52,3.27,0.78,0.07,0.55,0.15,21.5,2.85,0.12
A2-Joya3s-2-2621747,S2,GTGARTCATCRARTYTTTG,no_data,CCTSCSCTTANTDATATGC,A2-Joya3s-2-2621747,128901,Izta,Joya,soil,Juniperus,PCR4,N.A.,4.45,7,6.57,0.6,0.31,0.07,1.35,0.62,5.49,,
A3-J6r-2-2621805,S3,GTGARTCATCRARTYTTTG,no_data,CCTSCSCTTANTDATATGC,A3-J6r-2-2621805,49410,Texcoco,perturbated,root,Juniperus,PCR2,N.A.,,,,,,,,,,,
A7-Cueva2s-2-2621837,S7,GTGARTCATCRARTYTTTG,no_data,CCTSCSCTTANTDATATGC,A7-Cueva2s-2-2621837,134182,Izta,Cueva,soil,Juniperus,PCR4,N.A.,4.9,19.44,21.1,4.72,0.63,0.21,0.25,0.1,8.21,,
A8-JM2r-2-2621845,S8,GTGARTCATCRARTYTTTG,no_data,CCTSCSCTTANTDATATGC,A8-JM2r-2-2621845,124098,Texcoco,mixed,root,Juniperus,PCR1,N.A.,,,,,,,,,,,
A9-Q4r-2-2621903,S9,GTGARTCATCRARTYTTTG,no_data,CCTSCSCTTANTDATATGC,A9-Q4r-2-2621903,191423,Texcoco,native,root,Quercus,PCR1,N.A.,,,,,,,,,,,
A10-QM6r-2-2621911,S10,GTGARTCATCRARTYTTTG,no_data,CCTSCSCTTANTDATATGC,A10-QM6r-2-2621911,141112,Texcoco,mixed,root,Quercus,PCR1,N.A.,,,,,,,,,,,
A11-Cueva3r-2-2621919,S11,GTGARTCATCRARTYTTTG,no_data,CCTSCSCTTANTDATATGC,A11-Cueva3r-2-2621919,174306,Izta,Cueva,root,Juniperus,PCR2,N.A.,,,,,,,,,,,
A12-QM6s-2-2621927,S12,GTGARTCATCRARTYTTTG,no_data,CCTSCSCTTANTDATATGC,A12-QM6s-2-2621927,179224,Texcoco,mixed,soil,Quercus,PCR1,N.A.,6.25,6.28,14.85,6.01,1.31,0.07,0.2,0.01,17.6,3.74,0.25
B1-Base1s-2-2621740,S13,GTGARTCATCRARTYTTTG,no_data,CCTSCSCTTANTDATATGC,B1-Base1s-2-2621740,179757,Izta,Base,soil,Juniperus,PCR3,N.A.,5.9,38.28,27.58,3.42,1.04,0.22,0.15,0.05,5.52,,
B2-Joya2s-2-2621748,S14,GTGARTCATCRARTYTTTG,no_data,CCTSCSCTTANTDATATGC,B2-Joya2s-2-2621748,158702,Izta,Joya,soil,Juniperus,PCR4,N.A.,4.7,8.95,13.82,1.61,0.57,0.11,0.5,0.22,10.89,,
B3-JM3r-2-2621806,S15,GTGARTCATCRARTYTTTG,no_data,CCTSCSCTTANTDATATGC,B3-JM3r-2-2621806,146063,Texcoco,mixed,root,Juniperus,PCR2,N.A.,,,,,,,,,,,
B7-NEG1-2-2621838,S19,GTGARTCATCRARTYTTTG,no_data,CCTSCSCTTANTDATATGC,B7-NEG1-2-2621838,5058,CONTROL,N.A.,N.A.,N.A.,PCR1,NEG,,,,,,,,,,,
B8-JM1r-2-2621846,S20,GTGARTCATCRARTYTTTG,no_data,CCTSCSCTTANTDATATGC,B8-JM1r-2-2621846,144666,Texcoco,mixed,root,Juniperus,PCR1,N.A.,,,,,,,,,,,
B9-Q3r-2-2621904,S21,GTGARTCATCRARTYTTTG,no_data,CCTSCSCTTANTDATATGC,B9-Q3r-2-2621904,202853,Texcoco,native,root,Quercus,PCR1,N.A.,,,,,,,,,,,
B10-QM5r-2-2621912,S22,GTGARTCATCRARTYTTTG,no_data,CCTSCSCTTANTDATATGC,B10-QM5r-2-2621912,145916,Texcoco,mixed,root,Quercus,PCR1,N.A.,,,,,,,,,,,
B11-Cueva2r-2-2621920,S23,GTGARTCATCRARTYTTTG,no_data,CCTSCSCTTANTDATATGC,B11-Cueva2r-2-2621920,162373,Izta,Cueva,root,Juniperus,PCR2,N.A.,,,,,,,,,,,
B12-QM2s-2-2621928,S24,GTGARTCATCRARTYTTTG,no_data,CCTSCSCTTANTDATATGC,B12-QM2s-2-2621928,177794,Texcoco,mixed,soil,Quercus,PCR1,N.A.,6.65,3.72,14.55,6.34,2.12,0.14,0.1,0.06,25.6,3.37,0.2
C1-Cueva5s-2-2621741,S25,GTGARTCATCRARTYTTTG,no_data,CCTSCSCTTANTDATATGC,C1-Cueva5s-2-2621741,146311,Izta,Cueva,soil,Juniperus,PCR3,N.A.,6.8,27.62,48.39,30.79,10.24,2.7,0.7,0.01,4.48,,
C2-NEG3-2-2621749,S26,GTGARTCATCRARTYTTTG,no_data,CCTSCSCTTANTDATATGC,C2-NEG3-2-2621749,1008,CONTROL,N.A.,N.A.,N.A.,PCR3,NEG,,,,,,,,,,,
C3-JM4r-2-2621807,S27,GTGARTCATCRARTYTTTG,no_data,CCTSCSCTTANTDATATGC,C3-JM4r-2-2621807,161554,Texcoco,mixed,root,Juniperus,PCR2,N.A.,,,,,,,,,,,
C7-POS1-2-2621839,S31,GTGARTCATCRARTYTTTG,no_data,CCTSCSCTTANTDATATGC,C7-POS1-2-2621839,162570,CONTROL,N.A.,N.A.,N.A.,PCR1,POS,,,,,,,,,,,
C8-NEG4-2-2621847,S32,GTGARTCATCRARTYTTTG,no_data,CCTSCSCTTANTDATATGC,C8-NEG4-2-2621847,973,CONTROL,N.A.,N.A.,N.A.,PCR4,NEG,,,,,,,,,,,
C9-Q2r-2-2621905,S33,GTGARTCATCRARTYTTTG,no_data,CCTSCSCTTANTDATATGC,C9-Q2r-2-2621905,188752,Texcoco,native,root,Quercus,PCR1,N.A.,,,,,,,,,,,
C10-QM4r-2-2621913,S34,GTGARTCATCRARTYTTTG,no_data,CCTSCSCTTANTDATATGC,C10-QM4r-2-2621913,170768,Texcoco,mixed,root,Quercus,PCR1,N.A.,,,,,,,,,,,
C11-Cueva1r-2-2621921,S35,GTGARTCATCRARTYTTTG,no_data,CCTSCSCTTANTDATATGC,C11-Cueva1r-2-2621921,164741,Izta,Cueva,root,Juniperus,PCR2,N.A.,,,,,,,,,,,
C12-Base3r-2-2621929,S36,GTGARTCATCRARTYTTTG,no_data,CCTSCSCTTANTDATATGC,C12-Base3r-2-2621929,200738,Izta,Base,root,Juniperus,PCR2,N.A.,,,,,,,,,,,
D1-Cueva4s-2-2621742,S37,GTGARTCATCRARTYTTTG,no_data,CCTSCSCTTANTDATATGC,D1-Cueva4s-2-2621742,151035,Izta,Cueva,soil,Juniperus,PCR3,N.A.,4.75,26.88,26.57,3.6,2.1,0.14,0.2,0.07,6.17,,
D2-POS3-2-2621750,S38,GTGARTCATCRARTYTTTG,no_data,CCTSCSCTTANTDATATGC,D2-POS3-2-2621750,86442,CONTROL,N.A.,N.A.,N.A.,PCR3,POS,,,,,,,,,,,
D3-JM6r-2-2621808,S39,GTGARTCATCRARTYTTTG,no_data,CCTSCSCTTANTDATATGC,D3-JM6r-2-2621808,125652,Texcoco,mixed,root,Juniperus,PCR2,N.A.,,,,,,,,,,,
D8-J5r-2-2621848,S44,GTGARTCATCRARTYTTTG,no_data,CCTSCSCTTANTDATATGC,D8-J5r-2-2621848,129308,Texcoco,perturbated,root,Juniperus,PCR1,N.A.,,,,,,,,,,,
D9-Q1r-2-2621906,S45,GTGARTCATCRARTYTTTG,no_data,CCTSCSCTTANTDATATGC,D9-Q1r-2-2621906,169420,Texcoco,native,root,Quercus,PCR1,N.A.,,,,,,,,,,,
D10-QM3r-2-2621914,S46,GTGARTCATCRARTYTTTG,no_data,CCTSCSCTTANTDATATGC,D10-QM3r-2-2621914,130243,Texcoco,mixed,root,Quercus,PCR1,N.A.,,,,,,,,,,,
D11-Joya9r-2-2621922,S47,GTGARTCATCRARTYTTTG,no_data,CCTSCSCTTANTDATATGC,D11-Joya9r-2-2621922,155518,Izta,Joya,root,Juniperus,PCR2,N.A.,,,,,,,,,,,
D12-Base1r-2-2621930,S48,GTGARTCATCRARTYTTTG,no_data,CCTSCSCTTANTDATATGC,D12-Base1r-2-2621930,152168,Izta,Base,root,Juniperus,PCR2,N.A.,,,,,,,,,,,
E1-Cueva3s-2-2621743,S49,GTGARTCATCRARTYTTTG,no_data,CCTSCSCTTANTDATATGC,E1-Cueva3s-2-2621743,184036,Izta,Cueva,soil,Juniperus,PCR3,N.A.,5,35.97,22.18,3.64,0.49,0.19,0.3,0.14,8.15,,
E2-Joya2r-2-2621801,S50,GTGARTCATCRARTYTTTG,no_data,CCTSCSCTTANTDATATGC,E2-Joya2r-2-2621801,97002,Izta,Joya,root,Juniperus,PCR3,N.A.,,,,,,,,,,,
E3-J1s-2-2621809,S51,GTGARTCATCRARTYTTTG,no_data,CCTSCSCTTANTDATATGC,E3-J1s-2-2621809,165741,Texcoco,perturbated,soil,Juniperus,PCR2,N.A.,5.9,3.17,7.52,2.82,0.18,0.08,0.15,0.01,11.5,2.66,0.2
E8-J4r-2-2621849,S56,GTGARTCATCRARTYTTTG,no_data,CCTSCSCTTANTDATATGC,E8-J4r-2-2621849,136021,Texcoco,perturbated,root,Juniperus,PCR1,N.A.,,,,,,,,,,,
E9-JM5r-2-2621907,S57,GTGARTCATCRARTYTTTG,no_data,CCTSCSCTTANTDATATGC,E9-JM5r-2-2621907,213907,Texcoco,mixed,root,Juniperus,PCR1,N.A.,,,,,,,,,,,
E10-QM2r-2-2621915,S58,GTGARTCATCRARTYTTTG,no_data,CCTSCSCTTANTDATATGC,E10-QM2r-2-2621915,119244,Texcoco,mixed,root,Quercus,PCR1,N.A.,,,,,,,,,,,
E11-Joya8r-2-2621923,S59,GTGARTCATCRARTYTTTG,no_data,CCTSCSCTTANTDATATGC,E11-Joya8r-2-2621923,208621,Izta,Joya,root,Juniperus,PCR2,N.A.,,,,,,,,,,,
E12-Cueva5r-2-2621931,S60,GTGARTCATCRARTYTTTG,no_data,CCTSCSCTTANTDATATGC,E12-Cueva5r-2-2621931,203211,Izta,Cueva,root,Juniperus,PCR2,N.A.,,,,,,,,,,,
F1-Cueva1s-2-2621744,S61,GTGARTCATCRARTYTTTG,no_data,CCTSCSCTTANTDATATGC,F1-Cueva1s-2-2621744,186177,Izta,Cueva,soil,Juniperus,PCR3,N.A.,4.4,14.97,1.03,0.22,0.13,0.05,2.6,2.05,5.11,,
F2-Q3s-2-2621802,S62,GTGARTCATCRARTYTTTG,no_data,CCTSCSCTTANTDATATGC,F2-Q3s-2-2621802,107370,Texcoco,native,soil,Quercus,PCR3,N.A.,6,6.68,12.48,6.49,2.22,0.1,0.35,0.07,30.7,4.77,0.34
F3-J5s-2-2621810,S63,GTGARTCATCRARTYTTTG,no_data,CCTSCSCTTANTDATATGC,F3-J5s-2-2621810,180523,Texcoco,perturbated,soil,Juniperus,PCR2,N.A.,6.5,3.36,10.47,8.23,1.36,0.19,0.13,0,25.3,1.94,0.12
F8-J3r-2-2621850,S68,GTGARTCATCRARTYTTTG,no_data,CCTSCSCTTANTDATATGC,F8-J3r-2-2621850,127552,Texcoco,perturbated,root,Juniperus,PCR1,N.A.,,,,,,,,,,,
F9-QM1s-2-2621908,S69,GTGARTCATCRARTYTTTG,no_data,CCTSCSCTTANTDATATGC,F9-QM1s-2-2621908,140691,Texcoco,mixed,soil,Quercus,PCR2,N.A.,6.1,5.41,18.53,6.28,1.87,0.08,0.2,0.03,27,6.89,0.35
F10-QM1r-2-2621916,S70,GTGARTCATCRARTYTTTG,no_data,CCTSCSCTTANTDATATGC,F10-QM1r-2-2621916,160361,Texcoco,mixed,root,Quercus,PCR1,N.A.,,,,,,,,,,,
F11-Joya7r-2-2621924,S71,GTGARTCATCRARTYTTTG,no_data,CCTSCSCTTANTDATATGC,F11-Joya7r-2-2621924,190503,Izta,Joya,root,Juniperus,PCR2,N.A.,,,,,,,,,,,
F12-Cueva4r-2-2621932,S72,GTGARTCATCRARTYTTTG,no_data,CCTSCSCTTANTDATATGC,F12-Cueva4r-2-2621932,276014,Izta,Cueva,root,Juniperus,PCR2,N.A.,,,,,,,,,,,
G1-Joya9s-2-2621745,S73,GTGARTCATCRARTYTTTG,no_data,CCTSCSCTTANTDATATGC,G1-Joya9s-2-2621745,177424,Izta,Joya,soil,Juniperus,PCR3,N.A.,5.5,8.41,19.98,2.56,2.38,0.11,0.2,0.04,11.03,,
G2-Q1s-2-2621803,S74,GTGARTCATCRARTYTTTG,no_data,CCTSCSCTTANTDATATGC,G2-Q1s-2-2621803,98103,Texcoco,native,soil,Quercus,PCR3,N.A.,6.5,25,19.59,5.96,2.93,0.07,0.3,0.06,32,6.02,0.48
G3-JM1s-2-2621811,S75,GTGARTCATCRARTYTTTG,no_data,CCTSCSCTTANTDATATGC,G3-JM1s-2-2621811,164969,Texcoco,mixed,soil,Juniperus,PCR2,N.A.,5.75,3.21,12.37,4.71,1.31,0.1,0.28,0,26.6,5.35,0.26
G8-J2r-2-2621901,S80,GTGARTCATCRARTYTTTG,no_data,CCTSCSCTTANTDATATGC,G8-J2r-2-2621901,129050,Texcoco,perturbated,root,Juniperus,PCR1,N.A.,,,,,,,,,,,
G9-POS2-2-2621909,S81,GTGARTCATCRARTYTTTG,no_data,CCTSCSCTTANTDATATGC,G9-POS2-2-2621909,147446,CONTROL,N.A.,N.A.,N.A.,PCR2,POS,,,,,,,,,,,
G10-Q6r-2-2621917,S82,GTGARTCATCRARTYTTTG,no_data,CCTSCSCTTANTDATATGC,G10-Q6r-2-2621917,96076,Texcoco,native,root,Quercus,PCR1,N.A.,,,,,,,,,,,
G11-Joya3r-2-2621925,S83,GTGARTCATCRARTYTTTG,no_data,CCTSCSCTTANTDATATGC,G11-Joya3r-2-2621925,144237,Izta,Joya,root,Juniperus,PCR2,N.A.,,,,,,,,,,,
G12-Base3s-2-2621933,S84,GTGARTCATCRARTYTTTG,no_data,CCTSCSCTTANTDATATGC,G12-Base3s-2-2621933,164263,Izta,Base,soil,Juniperus,PCR4,N.A.,5.6,19.19,14.13,2.35,0.77,0.05,0.2,0.04,6.9,,
H1-Joya7s-2-2621746,S85,GTGARTCATCRARTYTTTG,no_data,CCTSCSCTTANTDATATGC,H1-Joya7s-2-2621746,92207,Izta,Joya,soil,Juniperus,PCR3,N.A.,4.6,12.16,9.57,1.26,0.63,0.09,2.3,1.49,11.7,,
H2-JM6s-2-2621804,S86,GTGARTCATCRARTYTTTG,no_data,CCTSCSCTTANTDATATGC,H2-JM6s-2-2621804,111653,Texcoco,mixed,soil,Juniperus,PCR3,N.A.,5.85,3.5,11.34,5.15,1.31,0.06,0.25,0.04,22.8,4.86,0.25
H3-Joya8s-2-2621812,S87,GTGARTCATCRARTYTTTG,no_data,CCTSCSCTTANTDATATGC,H3-Joya8s-2-2621812,140754,Izta,Joya,soil,Juniperus,PCR4,N.A.,4.9,8.26,19.27,2.05,0.84,0.09,0.6,0.24,7.53,,
H8-J1r-2-2621902,S92,GTGARTCATCRARTYTTTG,no_data,CCTSCSCTTANTDATATGC,H8-J1r-2-2621902,101526,Texcoco,perturbated,root,Juniperus,PCR1,N.A.,,,,,,,,,,,
H9-NEG2-2-2621910,S93,GTGARTCATCRARTYTTTG,no_data,CCTSCSCTTANTDATATGC,H9-NEG2-2-2621910,2102,CONTROL,N.A.,N.A.,N.A.,PCR2,NEG,,,,,,,,,,,
H10-Q5r-2-2621918,S94,GTGARTCATCRARTYTTTG,no_data,CCTSCSCTTANTDATATGC,H10-Q5r-2-2621918,91040,Texcoco,native,root,Quercus,PCR1,N.A.,,,,,,,,,,,
H11-J3s-2-2621926,S95,GTGARTCATCRARTYTTTG,no_data,CCTSCSCTTANTDATATGC,H11-J3s-2-2621926,145168,Texcoco,perturbated,soil,Juniperus,PCR1,N.A.,7.1,1.41,13.92,8.35,1.57,0.51,0.1,0,26.7,0.57,0.03
H12-Q6s-2-2621934,S96,GTGARTCATCRARTYTTTG,no_data,CCTSCSCTTANTDATATGC,H12-Q6s-2-2621934,157188,Texcoco,native,soil,Quercus,PCR4,N.A.,6.4,12.38,16.51,6.86,1.77,0.09,0.25,0.04,31.8,4.19,0.28